[{"id":"108726a4-669e-8be2-6bbf-56bb0a3ab3de","status":"New","lead_source":"99acres","project_name":null,"date_created":"2016-01-19 13:42:00"},{"id":"1108b884-6fc1-25aa-2235-56baef6a86a6","status":"New","lead_source":"99acres","project_name":null,"date_created":"2016-01-19 13:42:00"},{"id":"117a471e-03af-876c-5044-56bb0a8d01a8","status":"New","lead_source":"99acres","project_name":null,"date_created":"2016-01-19 13:42:00"},{"id":"1199b6c8-eb0e-c8fc-59a5-56a1e0434f45","status":"Not_Reachable","lead_source":"99acres","project_name":null,"date_created":"2016-01-19 13:42:00"},{"id":"119c300e-011d-3eb4-7eee-56a1e14c4db7","status":"New","lead_source":"99acres","project_name":null,"date_created":"2016-01-19 13:42:00"},{"id":"11a5fa0e-423e-fb78-7d71-56a1e13da649","status":"New","lead_source":"99acres","project_name":null,"date_created":"2016-01-19 13:42:00"},{"id":"11d8fc90-622a-a5b5-d0ea-567a8e441fa1","status":"Abandoned","lead_source":"99acres","project_name":null,"date_created":"2015-12-23 12:07:56"},{"id":"1393678a-6c3c-7658-2881-56a1e15eab96","status":"New","lead_source":"99acres","project_name":null,"date_created":"2016-01-19 13:42:00"},{"id":"13a70436-58a1-6880-cc5d-56a1e1961866","status":"New","lead_source":"99acres","project_name":null,"date_created":"2016-01-19 13:42:00"},{"id":"143c98bd-61ae-db15-750f-56bb0a865693","status":"New","lead_source":"99acres","project_name":null,"date_created":"2016-01-19 13:42:00"},{"id":"14d7f378-1c69-65e9-501b-56baef916ff5","status":"New","lead_source":"99acres","project_name":null,"date_created":"2016-01-19 13:42:00"},{"id":"14dc770d-007a-1926-e13b-56baef053341","status":"New","lead_source":"99acres","project_name":null,"date_created":"2016-01-19 13:42:00"},{"id":"1509d343-01cb-eaf8-38f0-56bb0a28e5b6","status":"New","lead_source":"99acres","project_name":null,"date_created":"2016-01-19 13:42:00"},{"id":"15ac7710-1299-e13e-ba2d-5638883663cf","status":"Sold","lead_source":"Agent_Broker","project_name":null,"date_created":"2015-11-03 10:11:09"},{"id":"160db7a1-318a-7018-d457-56a1e1a78e05","status":"New","lead_source":"99acres","project_name":null,"date_created":"2016-01-19 13:42:00"},{"id":"1631072a-3cc8-f680-9fe5-56a1e1668296","status":"New","lead_source":"99acres","project_name":null,"date_created":"2016-01-19 13:42:00"},{"id":"16443d08-637e-54c2-586f-56baef4266b3","status":"New","lead_source":"99acres","project_name":null,"date_created":"2016-01-19 13:42:00"},{"id":"1716ce18-d2da-2de1-9c2b-56bb0a04b61b","status":"New","lead_source":"99acres","project_name":null,"date_created":"2016-01-19 13:42:00"},{"id":"1727da00-cf21-88b8-7bcd-56bb0ac36829","status":"New","lead_source":"99acres","project_name":null,"date_created":"2016-01-19 13:42:00"},{"id":"17bfd98e-c92c-7cee-98c2-56baeff8139e","status":"New","lead_source":"99acres","project_name":null,"date_created":"2016-01-19 13:42:00"},{"id":"182455d4-37df-5500-6592-56baef0e3b31","status":"New","lead_source":"99acres","project_name":null,"date_created":"2016-01-19 13:42:00"},{"id":"18c820f8-a5a3-6b27-890d-56a1e0ad74d4","status":"New","lead_source":"99acres","project_name":null,"date_created":"2016-01-19 13:42:00"},{"id":"19d2e913-e1c3-0a3a-67fb-56a1e1e99dc9","status":"New","lead_source":"99acres","project_name":null,"date_created":"2016-01-19 13:42:00"},{"id":"1a4d3acf-19ad-c5fe-d363-56bb0a900873","status":"New","lead_source":"99acres","project_name":null,"date_created":"2016-01-19 13:42:00"},{"id":"1a8f0edc-4105-2296-80c8-56a1e00a586d","status":"New","lead_source":"99acres","project_name":null,"date_created":"2016-01-19 13:42:00"},{"id":"1abde949-01a7-9d82-36b7-56baefffe04a","status":"New","lead_source":"99acres","project_name":null,"date_created":"2016-01-19 13:42:00"},{"id":"1b65ad6d-8369-49b9-5f83-56bb0ad42bce","status":"New","lead_source":"99acres","project_name":null,"date_created":"2016-01-19 13:42:00"},{"id":"1c479470-e711-d6fd-ad17-56bb0af69f2d","status":"New","lead_source":"99acres","project_name":null,"date_created":"2016-01-19 13:42:00"},{"id":"1c84237b-339e-3415-a117-56a1e1047409","status":"New","lead_source":"99acres","project_name":null,"date_created":"2016-01-19 13:42:00"},{"id":"1ca66dbb-fdd8-4cab-044d-56a1e149263a","status":"New","lead_source":"99acres","project_name":null,"date_created":"2016-01-19 13:42:00"},{"id":"1ca98345-ed33-bc66-ceb3-56a1e053268b","status":"New","lead_source":"99acres","project_name":null,"date_created":"2016-01-19 13:42:00"},{"id":"1cc995a7-2163-60e8-3998-56bb0a0d45cf","status":"New","lead_source":"99acres","project_name":null,"date_created":"2016-01-19 13:42:00"},{"id":"1e583fc4-0e41-3453-687b-56a1e1d0b66e","status":"New","lead_source":"99acres","project_name":null,"date_created":"2016-01-19 13:42:00"},{"id":"1eb714ee-c565-f30a-aff7-56bb0a0319ea","status":"New","lead_source":"99acres","project_name":null,"date_created":"2016-01-19 13:42:00"},{"id":"1f72ac63-e426-1afa-44e7-56a1e1cd3860","status":"New","lead_source":"99acres","project_name":null,"date_created":"2016-01-19 13:42:00"},{"id":"200c16da-219f-007e-c014-56baef7cca53","status":"New","lead_source":"99acres","project_name":null,"date_created":"2016-01-19 13:42:00"},{"id":"20770814-49eb-2201-32e6-56a1e0f82721","status":"New","lead_source":"99acres","project_name":null,"date_created":"2016-01-19 13:42:00"},{"id":"207aebe4-6404-d43c-4da0-56bb0a91b266","status":"New","lead_source":"99acres","project_name":null,"date_created":"2016-01-19 13:42:00"},{"id":"20805e39-9127-9617-816e-56bb0a777761","status":"New","lead_source":"99acres","project_name":null,"date_created":"2016-01-19 13:42:00"},{"id":"2091a922-c1a1-a602-715b-56a1e169dcc2","status":"New","lead_source":"99acres","project_name":null,"date_created":"2016-01-19 13:42:00"},{"id":"2162d3ba-b53a-94f6-054d-56baef720088","status":"New","lead_source":"99acres","project_name":null,"date_created":"2016-01-19 13:42:00"},{"id":"2174ca95-37d5-6c65-935e-56a1e1f8fbfb","status":"New","lead_source":"99acres","project_name":null,"date_created":"2016-01-19 13:42:00"},{"id":"21a80b19-6d1a-b02a-6bf0-56a1e18bd998","status":"New","lead_source":"99acres","project_name":null,"date_created":"2016-01-19 13:42:00"},{"id":"21d6ff31-cd4b-f1fd-49f2-56baefbebda1","status":"New","lead_source":"99acres","project_name":null,"date_created":"2016-01-19 13:42:00"},{"id":"21d7d35b-7372-634d-3553-56baef59c2e5","status":"New","lead_source":"99acres","project_name":null,"date_created":"2016-01-19 13:42:00"},{"id":"21f108cb-a3c1-bd1e-d29a-56bb0a9dda87","status":"New","lead_source":"99acres","project_name":null,"date_created":"2016-01-19 13:42:00"},{"id":"22752971-8d2c-61cc-03fd-56bb0a0095d2","status":"New","lead_source":"99acres","project_name":null,"date_created":"2016-01-19 13:42:00"},{"id":"22ee8c17-5f0c-8f41-cdbf-56a1e11a0258","status":"New","lead_source":"99acres","project_name":null,"date_created":"2016-01-19 13:42:00"},{"id":"23065136-bc1f-664d-fe8d-56baef11268a","status":"New","lead_source":"99acres","project_name":null,"date_created":"2016-01-19 13:42:00"},{"id":"230a4669-39d6-ca9a-ee4e-56bb0a836143","status":"New","lead_source":"99acres","project_name":null,"date_created":"2016-01-19 13:42:00"},{"id":"233892d6-38fa-3adb-da60-56a1e0256217","status":"New","lead_source":"99acres","project_name":null,"date_created":"2016-01-19 13:42:00"},{"id":"23dc9283-2684-a820-88f5-5704bede1636","status":"Agreed_To_Buy","lead_source":null,"project_name":null,"date_created":"2016-04-06 07:43:55"},{"id":"24cceb54-70fd-f673-c7b6-56a1e162df09","status":"New","lead_source":"99acres","project_name":null,"date_created":"2016-01-19 13:42:00"},{"id":"25197baa-61b1-b4c4-f808-56a1e1158103","status":"New","lead_source":"99acres","project_name":null,"date_created":"2016-01-19 13:42:00"},{"id":"2587ec70-8d09-cf0c-d322-56bb0a9c0f0a","status":"New","lead_source":"99acres","project_name":null,"date_created":"2016-01-19 13:42:00"},{"id":"25938a7b-f468-3160-ac95-56a1e13ce889","status":"New","lead_source":"99acres","project_name":null,"date_created":"2016-01-19 13:42:00"},{"id":"261657c3-9369-ad14-ae67-56a1e1ec1503","status":"New","lead_source":"99acres","project_name":null,"date_created":"2016-01-19 13:42:00"},{"id":"261be9fa-5b73-0d41-3ca6-56bb0acdc857","status":"New","lead_source":"99acres","project_name":null,"date_created":"2016-01-19 13:42:00"},{"id":"26695c41-8e06-39f0-faca-56bb0aa9f301","status":"New","lead_source":"99acres","project_name":null,"date_created":"2016-01-19 13:42:00"},{"id":"268bf89d-86f3-c709-81c4-56bb0a03feb1","status":"New","lead_source":"99acres","project_name":null,"date_created":"2016-01-19 13:42:00"},{"id":"26a9a680-c50b-5465-9e1c-562f598369aa","status":"Sold","lead_source":null,"project_name":null,"date_created":"2015-10-27 11:00:18"},{"id":"26f4279e-78b8-3cc5-e431-56baefa0896d","status":"New","lead_source":"99acres","project_name":null,"date_created":"2016-01-19 13:42:00"},{"id":"2954e878-a4fd-ea2e-6b6f-56bb0a782703","status":"New","lead_source":"99acres","project_name":null,"date_created":"2016-01-19 13:42:00"},{"id":"29853a9c-41bf-305e-8f32-56baef4c1122","status":"New","lead_source":"99acres","project_name":null,"date_created":"2016-01-19 13:42:00"},{"id":"298e4d76-2713-1ede-5c73-56baefcc10ff","status":"New","lead_source":"99acres","project_name":null,"date_created":"2016-01-19 13:42:00"},{"id":"2998c431-2cfd-854b-bba8-56bb0a448c09","status":"New","lead_source":"99acres","project_name":null,"date_created":"2016-01-19 13:42:00"},{"id":"29ccbee1-0add-52a5-5755-56baef78f8fa","status":"New","lead_source":"99acres","project_name":null,"date_created":"2016-01-19 13:42:00"},{"id":"2b506805-ee69-cdb6-61b5-56bb0a67c6d6","status":"New","lead_source":"99acres","project_name":null,"date_created":"2016-01-19 13:42:00"},{"id":"2bb17d1b-ff84-2ad8-195c-56bb0acb0dc0","status":"New","lead_source":"99acres","project_name":null,"date_created":"2016-01-19 13:42:00"},{"id":"2bd2e2e2-45a0-5283-7dd1-56a1e1125071","status":"New","lead_source":"99acres","project_name":null,"date_created":"2016-01-19 13:42:00"},{"id":"2c54404b-cb9d-3bca-6fca-56a1e134d80b","status":"New","lead_source":"99acres","project_name":null,"date_created":"2016-01-19 13:42:00"},{"id":"2cb60866-b641-365a-feb2-56bb0a0fd6e7","status":"New","lead_source":"99acres","project_name":null,"date_created":"2016-01-19 13:42:00"},{"id":"2d5ca64b-e310-adfe-3676-56baefef1100","status":"New","lead_source":"99acres","project_name":null,"date_created":"2016-01-19 13:42:00"},{"id":"2dd5c174-9708-8667-bfdc-56a1e1b7649d","status":"New","lead_source":"99acres","project_name":null,"date_created":"2016-01-19 13:42:00"},{"id":"2de3cb7d-52e6-3b58-5af4-56baef99d68f","status":"New","lead_source":"99acres","project_name":null,"date_created":"2016-01-19 13:42:00"},{"id":"2e410443-5b7b-2424-6ca7-56baefc4eb9c","status":"New","lead_source":"99acres","project_name":null,"date_created":"2016-01-19 13:42:00"},{"id":"2e78988e-fba5-6716-cbba-56baef6af784","status":"New","lead_source":"99acres","project_name":null,"date_created":"2016-01-19 13:42:00"},{"id":"2f9e0e81-3bd4-c459-233c-56bb0ae3c1e3","status":"New","lead_source":"99acres","project_name":null,"date_created":"2016-01-19 13:42:00"},{"id":"2fd2f628-2d0f-c4d2-2dba-56bb0a117d88","status":"New","lead_source":"99acres","project_name":null,"date_created":"2016-01-19 13:42:00"},{"id":"30edaf9b-ab18-5ef2-ff2c-56bb0add0af4","status":"New","lead_source":"99acres","project_name":null,"date_created":"2016-01-19 13:42:00"},{"id":"31aa8bcb-2a08-9b6f-b87d-56bb0af49f30","status":"New","lead_source":"99acres","project_name":null,"date_created":"2016-01-19 13:42:00"},{"id":"31d54f54-0a25-6966-9a33-56bb0a21c536","status":"New","lead_source":"99acres","project_name":null,"date_created":"2016-01-19 13:42:00"},{"id":"31f0029a-0572-8a54-7336-56a1e1ee6273","status":"New","lead_source":"99acres","project_name":null,"date_created":"2016-01-19 13:42:00"},{"id":"3216d359-48bf-c77e-ac9b-56baef710f58","status":"New","lead_source":"99acres","project_name":null,"date_created":"2016-01-19 13:42:00"},{"id":"323200ab-69c6-90e6-8e4f-56baefd05051","status":"New","lead_source":"MagicBricks","project_name":null,"date_created":"2016-01-19 13:42:00"},{"id":"3241726d-33b7-52b3-91e7-56baef780573","status":"New","lead_source":"99acres","project_name":null,"date_created":"2016-01-19 13:42:00"},{"id":"324bc4f1-047d-0850-6277-56bb0ada88da","status":"New","lead_source":"99acres","project_name":null,"date_created":"2016-01-19 13:42:00"},{"id":"32658f47-b040-c582-9b7d-56baefcda157","status":"New","lead_source":"99acres","project_name":null,"date_created":"2016-01-19 13:42:00"},{"id":"3279f08a-8c2b-c0a9-ddf5-56bb0a67cc3a","status":"New","lead_source":"99acres","project_name":null,"date_created":"2016-01-19 13:42:00"},{"id":"32e001fc-b21a-4911-bd67-561375cc1b6e","status":"Sold","lead_source":"Self","project_name":null,"date_created":"2015-10-06 07:16:24"},{"id":"3373b960-ebe6-f592-900f-56a1e1dd55ea","status":"New","lead_source":"99acres","project_name":null,"date_created":"2016-01-19 13:42:00"},{"id":"337c19b1-162f-2b6d-1854-5638c42e4240","status":"Sold","lead_source":"Self","project_name":null,"date_created":"2015-11-03 14:29:05"},{"id":"347006dd-1caa-d589-441a-56a1e09d5f32","status":"New","lead_source":"99acres","project_name":null,"date_created":"2016-01-19 13:42:00"},{"id":"355d6aa4-0652-3b1f-d2cd-56bb0a99cc7c","status":"New","lead_source":"99acres","project_name":null,"date_created":"2016-01-19 13:42:00"},{"id":"35f28042-c459-bc07-b7ed-56baefe198d2","status":"New","lead_source":"99acres","project_name":null,"date_created":"2016-01-19 13:42:00"},{"id":"36046b95-bebb-5a6c-d6c1-56bb0a9c485c","status":"New","lead_source":"99acres","project_name":null,"date_created":"2016-01-19 13:42:00"},{"id":"36498a10-1e81-95f4-d2cd-56a1e1159cbe","status":"New","lead_source":"99acres","project_name":null,"date_created":"2016-01-19 13:42:00"},{"id":"3a297106-6f89-7446-cbb5-56baef646a05","status":"New","lead_source":"99acres","project_name":null,"date_created":"2016-01-19 13:42:00"},{"id":"3a4e1f09-b634-6fbe-a49c-56bb0ada49fc","status":"New","lead_source":"99acres","project_name":null,"date_created":"2016-01-19 13:42:00"},{"id":"3ace46a7-1b27-9090-0a1d-56a1e0b37916","status":"New","lead_source":"99acres","project_name":null,"date_created":"2016-01-19 13:42:00"},{"id":"3b580b7b-ae27-4ac3-bb0a-56bb0af9f1a2","status":"New","lead_source":"99acres","project_name":null,"date_created":"2016-01-19 13:42:00"},{"id":"3b6c16fe-1621-a355-2654-56bb0a2f61d5","status":"New","lead_source":"99acres","project_name":null,"date_created":"2016-01-19 13:42:00"},{"id":"3b8b745e-dab9-b49a-b147-56a1e0115b82","status":"New","lead_source":"99acres","project_name":null,"date_created":"2016-01-19 13:42:00"},{"id":"3d0fbda0-8fea-66ad-ee3a-56a1e0d624a6","status":"New","lead_source":"99acres","project_name":null,"date_created":"2016-01-19 13:42:00"},{"id":"3d4df711-1920-cd7b-aac7-56a1e09b6200","status":"New","lead_source":"99acres","project_name":null,"date_created":"2016-01-19 13:42:00"},{"id":"3dbb9786-37e6-5c5c-2c7b-56a1e1f407b4","status":"New","lead_source":"99acres","project_name":null,"date_created":"2016-01-19 13:42:00"},{"id":"3df33a58-2612-d6f2-6971-56baef134754","status":"New","lead_source":"99acres","project_name":null,"date_created":"2016-01-19 13:42:00"},{"id":"3e0003ca-7390-1682-bf34-56bb0a2037e5","status":"New","lead_source":"99acres","project_name":null,"date_created":"2016-01-19 13:42:00"},{"id":"3e045add-a377-d094-f960-56baef579ab5","status":"New","lead_source":"99acres","project_name":null,"date_created":"2016-01-19 13:42:00"},{"id":"3eb5200b-72f2-807d-3a49-56bb0ae1a575","status":"New","lead_source":"99acres","project_name":null,"date_created":"2016-01-19 13:42:00"},{"id":"3fc58daf-ab7d-2f64-675b-56baefca8faa","status":"New","lead_source":"99acres","project_name":null,"date_created":"2016-01-19 13:42:00"},{"id":"403e0d51-a9ba-3ca9-ac6c-56bb0a9d6f76","status":"New","lead_source":"99acres","project_name":null,"date_created":"2016-01-19 13:42:00"},{"id":"405b0be4-8872-f5aa-f6a6-56bb0a37aea7","status":"New","lead_source":"99acres","project_name":null,"date_created":"2016-01-19 13:42:00"},{"id":"409dd1df-4762-21ba-3df6-56bb0a187004","status":"New","lead_source":"99acres","project_name":null,"date_created":"2016-01-19 13:42:00"},{"id":"414debc4-2c8a-a18e-43b6-56a1e1708b99","status":"New","lead_source":"99acres","project_name":null,"date_created":"2016-01-19 13:42:00"},{"id":"417fb37d-a256-6b55-c5ce-56baefafddaf","status":"New","lead_source":"99acres","project_name":null,"date_created":"2016-01-19 13:42:00"},{"id":"4197c5bf-d6d9-2921-22e0-56baef6b5363","status":"New","lead_source":"99acres","project_name":null,"date_created":"2016-01-19 13:42:00"},{"id":"41c62fbb-aa10-9476-7d01-56baef7f7356","status":"New","lead_source":"99acres","project_name":null,"date_created":"2016-01-19 13:42:00"},{"id":"42888365-d54e-0d24-3b62-56baefbc1539","status":"New","lead_source":"99acres","project_name":null,"date_created":"2016-01-19 13:42:00"},{"id":"42f037ed-91d3-6380-01a1-56baef24af05","status":"New","lead_source":"99acres","project_name":null,"date_created":"2016-01-19 13:42:00"},{"id":"43c275b8-c327-73ef-3f0a-56321f07b3bd","status":"Assigned","lead_source":"Other_Web_Site","project_name":null,"date_created":"2015-10-29 13:29:46"},{"id":"43fc7a12-3b7b-8d36-c841-56bb0a8462a8","status":"New","lead_source":"99acres","project_name":null,"date_created":"2016-01-19 13:42:00"},{"id":"44560d4d-c7ad-bd07-b7f9-56bb0a60df3a","status":"New","lead_source":"99acres","project_name":null,"date_created":"2016-01-19 13:42:00"},{"id":"44ac916b-da43-23d3-af01-56baef528022","status":"New","lead_source":"99acres","project_name":null,"date_created":"2016-01-19 13:42:00"},{"id":"44e93f99-3755-2853-1feb-56baef377dc5","status":"New","lead_source":"99acres","project_name":null,"date_created":"2016-01-19 13:42:00"},{"id":"45f5fc8e-e191-70c0-3b63-56bb0a2a7993","status":"New","lead_source":"99acres","project_name":null,"date_created":"2016-01-19 13:42:00"},{"id":"465f17ef-944e-1562-3337-56bb0a42425d","status":"New","lead_source":"99acres","project_name":null,"date_created":"2016-01-19 13:42:00"},{"id":"467fd881-ee8a-75b3-7372-56bb0a7729d2","status":"New","lead_source":"99acres","project_name":null,"date_created":"2016-01-19 13:42:00"},{"id":"46eb177a-3247-a917-fac1-56bb0afc4508","status":"New","lead_source":"99acres","project_name":null,"date_created":"2016-01-19 13:42:00"},{"id":"473bcabf-f30a-68cd-dd06-56baef20c586","status":"New","lead_source":"99acres","project_name":null,"date_created":"2016-01-19 13:42:00"},{"id":"47482f2b-6130-1a6e-e8c8-56baef9d33f4","status":"New","lead_source":"99acres","project_name":null,"date_created":"2016-01-19 13:42:00"},{"id":"47d684c2-0be6-dd81-2ce4-56baefe8f313","status":"New","lead_source":"99acres","project_name":null,"date_created":"2016-01-19 13:42:00"},{"id":"48632363-c136-a051-dda0-56bb0a874d4c","status":"New","lead_source":"99acres","project_name":null,"date_created":"2016-01-19 13:42:00"},{"id":"488e7e88-9156-d6f3-fccf-56a1e199608f","status":"New","lead_source":"99acres","project_name":null,"date_created":"2016-01-19 13:42:00"},{"id":"493ce1b3-9e39-e945-1534-56baeff98db0","status":"New","lead_source":"99acres","project_name":null,"date_created":"2016-01-19 13:42:00"},{"id":"49532ddb-90c3-76e5-0e02-56baef348d5d","status":"New","lead_source":"99acres","project_name":null,"date_created":"2016-01-19 13:42:00"},{"id":"4a9a0568-8faf-43b8-2e6a-56baef4a98a6","status":"New","lead_source":"99acres","project_name":null,"date_created":"2016-01-19 13:42:00"},{"id":"4b08d7a2-5995-4838-34b9-56baef76dd4d","status":"New","lead_source":"99acres","project_name":null,"date_created":"2016-01-19 13:42:00"},{"id":"4b8c32ce-398a-c08f-f863-56bb0a225ef8","status":"New","lead_source":"99acres","project_name":null,"date_created":"2016-01-19 13:42:00"},{"id":"4bb21287-e17b-e5ad-a921-56bb0a371916","status":"New","lead_source":"99acres","project_name":null,"date_created":"2016-01-19 13:42:00"},{"id":"4bbbc2e8-6bc8-e1d7-2719-56bb0a97c27f","status":"New","lead_source":"99acres","project_name":null,"date_created":"2016-01-19 13:42:00"},{"id":"4bce88c7-fd1e-1f90-23f8-56bb0a57e47b","status":"New","lead_source":"99acres","project_name":null,"date_created":"2016-01-19 13:42:00"},{"id":"4bea3b9e-9435-1b84-b484-56bb0acdf7cb","status":"New","lead_source":"99acres","project_name":null,"date_created":"2016-01-19 13:42:00"},{"id":"4c190c68-166f-5e25-1670-56baef3f995f","status":"New","lead_source":"99acres","project_name":null,"date_created":"2016-01-19 13:42:00"},{"id":"4c1fc67e-272c-e98f-b642-5678789b9a1b","status":"New","lead_source":"99acres","project_name":null,"date_created":"2015-06-10 13:14:00"},{"id":"4c4ca9d5-8908-faf5-032e-56baef5ea1c8","status":"New","lead_source":"99acres","project_name":null,"date_created":"2016-01-19 13:42:00"},{"id":"4c55cbcb-af12-5b4d-14de-56baef10ec95","status":"New","lead_source":"99acres","project_name":null,"date_created":"2016-01-19 13:42:00"},{"id":"4c950175-ca5c-16ef-a24e-563885c21801","status":"Sold","lead_source":"Client","project_name":null,"date_created":"2015-11-03 09:59:31"},{"id":"4ccf0de5-88c3-35f7-b6e7-56baefc683dd","status":"New","lead_source":"99acres","project_name":null,"date_created":"2016-01-19 13:42:00"},{"id":"4ce1fe79-9940-0067-4658-56baef884716","status":"New","lead_source":"99acres","project_name":null,"date_created":"2016-01-19 13:42:00"},{"id":"4cfd33a8-a3cb-435a-3785-56a1e075b12e","status":"New","lead_source":"99acres","project_name":null,"date_created":"2016-01-19 13:42:00"},{"id":"4d2aa4c1-e967-8284-ac06-56baefc0dfad","status":"New","lead_source":"99acres","project_name":null,"date_created":"2016-01-19 13:42:00"},{"id":"4d7eb433-ba39-4adc-99cd-56bb0aae1bb4","status":"New","lead_source":"99acres","project_name":null,"date_created":"2016-01-19 13:42:00"},{"id":"4d8f4fc0-d4e4-fe02-854e-56baef99e33c","status":"New","lead_source":"99acres","project_name":null,"date_created":"2016-01-19 13:42:00"},{"id":"4daacdc4-798f-3a88-a724-56baefe6fba6","status":"New","lead_source":"99acres","project_name":null,"date_created":"2016-01-19 13:42:00"},{"id":"4e1d38e9-965b-1a84-fdde-56bb0a92b66f","status":"New","lead_source":"99acres","project_name":null,"date_created":"2016-01-19 13:42:00"},{"id":"4e2a651d-d05f-4f06-a658-56a1e0e52835","status":"New","lead_source":"99acres","project_name":null,"date_created":"2016-01-19 13:42:00"},{"id":"4e47d036-b498-2c7a-dcfe-56bb0ab364e4","status":"New","lead_source":"99acres","project_name":null,"date_created":"2016-01-19 13:42:00"},{"id":"4f8ce78c-6e12-5142-3f3e-56a1e0aa36b5","status":"New","lead_source":"99acres","project_name":null,"date_created":"2016-01-19 13:42:00"},{"id":"4fe6b2fc-6c78-3f95-1f01-56321fa92e27","status":"Assigned","lead_source":"Commonfloor","project_name":null,"date_created":"2015-10-29 13:32:25"},{"id":"4fedf9cb-9a92-c4f7-8cea-56a0aff04a3e","status":"Not_Reachable","lead_source":null,"project_name":null,"date_created":"2016-01-21 10:15:08"},{"id":"500b04d8-6b2a-29ae-ae5e-56bb0a15c45a","status":"New","lead_source":"99acres","project_name":null,"date_created":"2016-01-19 13:42:00"},{"id":"502eedc4-0c0a-34d4-0d72-56a1e13a42cf","status":"New","lead_source":"99acres","project_name":null,"date_created":"2016-01-19 13:42:00"},{"id":"51870dbe-6e1e-11ea-c09c-56bb0af941d6","status":"New","lead_source":"99acres","project_name":null,"date_created":"2016-01-19 13:42:00"},{"id":"523302e3-363a-8819-8770-56bb0a8a0af7","status":"New","lead_source":"99acres","project_name":null,"date_created":"2016-01-19 13:42:00"},{"id":"52ffa645-234b-339f-76eb-56a1e18f3d7b","status":"New","lead_source":"99acres","project_name":null,"date_created":"2016-01-19 13:42:00"},{"id":"537354d1-a52a-7e5a-295e-56baefa871f7","status":"New","lead_source":"99acres","project_name":null,"date_created":"2016-01-19 13:42:00"},{"id":"548fbe31-c9c9-0629-b6bb-56a1e0f87df0","status":"Call_Later","lead_source":"99acres","project_name":null,"date_created":"2016-01-19 13:42:00"},{"id":"54f01641-bd5a-d9b4-1353-56a1e1e4e88a","status":"New","lead_source":"99acres","project_name":null,"date_created":"2016-01-19 13:42:00"},{"id":"56938231-d358-cc97-7a65-56bb0a580514","status":"New","lead_source":"99acres","project_name":null,"date_created":"2016-01-19 13:42:00"},{"id":"5697a044-9d84-8765-5e5d-56bb0af01f03","status":"New","lead_source":"99acres","project_name":null,"date_created":"2016-01-19 13:42:00"},{"id":"56d7a4c6-36f6-a4f0-c5fb-56a1e1924d5c","status":"New","lead_source":"99acres","project_name":null,"date_created":"2016-01-19 13:42:00"},{"id":"57030a41-aa65-b7d2-4394-56a1e0c943dd","status":"New","lead_source":"99acres","project_name":null,"date_created":"2016-01-19 13:42:00"},{"id":"57e724b4-e77c-83ec-c969-56388b87ce68","status":"Sold","lead_source":"Agent_Broker","project_name":null,"date_created":"2015-11-03 10:24:06"},{"id":"582931c2-9baa-8250-033e-56baefbaa271","status":"New","lead_source":"99acres","project_name":null,"date_created":"2016-01-19 13:42:00"},{"id":"594a8fad-02df-4025-39a4-56a1e146de20","status":"New","lead_source":"99acres","project_name":null,"date_created":"2016-01-19 13:42:00"},{"id":"59d468f8-8de0-0f8e-b9d0-56baef274a30","status":"New","lead_source":"99acres","project_name":null,"date_created":"2016-01-19 13:42:00"},{"id":"5a10c5f5-57f9-70b1-fb9e-56a1e1a032ec","status":"New","lead_source":"99acres","project_name":null,"date_created":"2016-01-19 13:42:00"},{"id":"5a36214f-6636-e866-1d85-56baef42a4ae","status":"New","lead_source":"99acres","project_name":null,"date_created":"2016-01-19 13:42:00"},{"id":"5ae4607a-ee0a-c95c-be44-56bb0a47914f","status":"New","lead_source":"99acres","project_name":null,"date_created":"2016-01-19 13:42:00"},{"id":"5b526ad0-8069-30b8-0113-56a1d08f4692","status":"Not_Reachable","lead_source":null,"project_name":null,"date_created":"2016-01-22 06:48:00"},{"id":"5c37f43e-0df4-b749-5b44-56bb0a4610f4","status":"New","lead_source":"99acres","project_name":null,"date_created":"2016-01-19 13:42:00"},{"id":"5d4afea6-3510-0184-10da-56a1e0bb92c8","status":"New","lead_source":"99acres","project_name":null,"date_created":"2016-01-19 13:42:00"},{"id":"5d4c4269-408a-d098-d238-56321e5a7294","status":"Assigned","lead_source":"India_Property","project_name":null,"date_created":"2015-10-29 13:25:23"},{"id":"5daae34d-5af6-d4b5-aa20-56a1e152b7ab","status":"New","lead_source":"99acres","project_name":null,"date_created":"2016-01-19 13:42:00"},{"id":"5dae9375-8dde-2041-2ea7-56baef9af4f1","status":"New","lead_source":"99acres","project_name":null,"date_created":"2016-01-19 13:42:00"},{"id":"5df42931-7165-2211-2d0d-56baef24cd2d","status":"New","lead_source":"99acres","project_name":null,"date_created":"2016-01-19 13:42:00"},{"id":"5e2d60c9-7743-88a5-776f-56bb0ae7badb","status":"New","lead_source":"99acres","project_name":null,"date_created":"2016-01-19 13:42:00"},{"id":"5ece8a64-416d-5085-93bb-56baefcf6d63","status":"New","lead_source":"99acres","project_name":null,"date_created":"2016-01-19 13:42:00"},{"id":"5efa4d4d-d2b5-b9d3-1285-56baef9aefde","status":"New","lead_source":"99acres","project_name":null,"date_created":"2016-01-19 13:42:00"},{"id":"5f9837ac-b302-2b8b-7e5d-56a1e1afba6b","status":"New","lead_source":"99acres","project_name":null,"date_created":"2016-01-19 13:42:00"},{"id":"5fb52cb8-665d-5514-44e3-56a1e0a62753","status":"New","lead_source":"99acres","project_name":null,"date_created":"2016-01-19 13:42:00"},{"id":"609c1032-8bde-e862-49d4-56bb0ad3f953","status":"New","lead_source":"99acres","project_name":null,"date_created":"2016-01-19 13:42:00"},{"id":"60a682b1-78a9-3ca1-b8d7-56baefd11c0a","status":"New","lead_source":"99acres","project_name":null,"date_created":"2016-01-19 13:42:00"},{"id":"61893ea1-0cdb-2d81-518e-56baef0d6e0a","status":"New","lead_source":"99acres","project_name":null,"date_created":"2016-01-19 13:42:00"},{"id":"61b4a6ea-d263-7eb9-d50e-56a1e1f655b0","status":"New","lead_source":"99acres","project_name":null,"date_created":"2016-01-19 13:42:00"},{"id":"61d9cf01-8ba8-6344-da3e-56baefcd028f","status":"New","lead_source":"99acres","project_name":null,"date_created":"2016-01-19 13:42:00"},{"id":"628dd1bd-0624-ffc9-fbf8-56baeff6a479","status":"New","lead_source":"99acres","project_name":null,"date_created":"2016-01-19 13:42:00"},{"id":"63107272-a4b3-3e7a-27a5-56a1e06b922f","status":"New","lead_source":"99acres","project_name":null,"date_created":"2016-01-19 13:42:00"},{"id":"6363f60d-e30e-7cf4-2a3b-56bb0af0c933","status":"New","lead_source":"99acres","project_name":null,"date_created":"2016-01-19 13:42:00"},{"id":"640e2b4c-36d9-7bf0-656a-56a1e18bc342","status":"Not_Reachable","lead_source":"99acres","project_name":null,"date_created":"2016-01-19 13:42:00"},{"id":"641a25a0-8d6f-a3db-b87e-56baef3216b8","status":"New","lead_source":"99acres","project_name":null,"date_created":"2016-01-19 13:42:00"},{"id":"643bb779-f970-7af3-2a6d-56bb0a426253","status":"New","lead_source":"99acres","project_name":null,"date_created":"2016-01-19 13:42:00"},{"id":"64450e12-0aa4-da82-a0b6-56a1e07955fa","status":"New","lead_source":"99acres","project_name":null,"date_created":"2016-01-19 13:42:00"},{"id":"648bf1db-32a8-31c5-e780-567875f602a6","status":"New","lead_source":"MagicBricks","project_name":null,"date_created":"2015-12-01 13:40:00"},{"id":"64b7e35e-25be-8c91-807d-56337f31c137","status":"Call_Later","lead_source":"Agent_Broker","project_name":null,"date_created":"2015-10-30 14:33:46"},{"id":"65b6c9a5-05ba-6fd6-a234-56a1e005aba7","status":"New","lead_source":"99acres","project_name":null,"date_created":"2016-01-19 13:42:00"},{"id":"65f93e20-5e80-1269-8c8e-56a1e13307f7","status":"New","lead_source":"99acres","project_name":null,"date_created":"2016-01-19 13:42:00"},{"id":"665ca0d7-c908-b76d-3677-56a1e156d9c9","status":"New","lead_source":"99acres","project_name":null,"date_created":"2016-01-19 13:42:00"},{"id":"666f963f-75a4-bdac-990c-56bb0a37de5e","status":"New","lead_source":"99acres","project_name":null,"date_created":"2016-01-19 13:42:00"},{"id":"6687a4dc-2836-3b4d-5edc-56a1e157cc74","status":"New","lead_source":"99acres","project_name":null,"date_created":"2016-01-19 13:42:00"},{"id":"67173f47-0dc2-03b0-e33b-56a1e10fac5e","status":"New","lead_source":"99acres","project_name":null,"date_created":"2016-01-19 13:42:00"},{"id":"677495a6-6b7d-c721-41f6-56baef19c731","status":"New","lead_source":"99acres","project_name":null,"date_created":"2016-01-19 13:42:00"},{"id":"680a09b1-4738-08d4-a438-56a1e0801fe9","status":"New","lead_source":"99acres","project_name":null,"date_created":"2016-01-19 13:42:00"},{"id":"69f8029d-60c7-7d15-2692-56a1e1f04a3c","status":"New","lead_source":"99acres","project_name":null,"date_created":"2016-01-19 13:42:00"},{"id":"6a54e245-c832-69b1-72d8-56a1e091f0c1","status":"New","lead_source":"99acres","project_name":null,"date_created":"2016-01-19 13:42:00"},{"id":"6a806d95-3ff5-5ccd-096f-56c62371fbf5","status":"New","lead_source":null,"project_name":null,"date_created":"2016-02-18 20:03:47"},{"id":"6a9a6d4d-de6c-7464-78f9-56bb0aedad75","status":"New","lead_source":"99acres","project_name":null,"date_created":"2016-01-19 13:42:00"},{"id":"6aaa393c-faee-00f7-a84d-56bb0a335d66","status":"New","lead_source":"99acres","project_name":null,"date_created":"2016-01-19 13:42:00"},{"id":"6ad75e6f-c37e-21d4-76b4-56bb0a22e136","status":"New","lead_source":"99acres","project_name":null,"date_created":"2016-01-19 13:42:00"},{"id":"6ada603e-8a9a-156d-1cf8-56bb0a59c6d2","status":"New","lead_source":"99acres","project_name":null,"date_created":"2016-01-19 13:42:00"},{"id":"6b3206bd-1d00-869b-c44b-56a1d1d74b80","status":"Not_Reachable","lead_source":null,"project_name":null,"date_created":"2016-01-22 06:51:01"},{"id":"6baa3521-a801-0ca1-76ee-56bb0a5e27c8","status":"New","lead_source":"99acres","project_name":null,"date_created":"2016-01-19 13:42:00"},{"id":"6bcfec85-d61f-81e8-ee85-56a1e0e1fb7e","status":"New","lead_source":"99acres","project_name":null,"date_created":"2016-01-19 13:42:00"},{"id":"6c35c146-152e-a22e-55c1-56a1e18ab19f","status":"New","lead_source":"99acres","project_name":null,"date_created":"2016-01-19 13:42:00"},{"id":"6c5caec8-d329-3d95-d31d-56a1e0ed8a2d","status":"New","lead_source":"99acres","project_name":null,"date_created":"2016-01-19 13:42:00"},{"id":"6c6d33bc-0894-131d-aeb3-56a1e1dd94ef","status":"New","lead_source":"99acres","project_name":null,"date_created":"2016-01-19 13:42:00"},{"id":"6d0d5f20-13c8-bb1f-42c5-56bb0ac3cff0","status":"New","lead_source":"99acres","project_name":null,"date_created":"2016-01-19 13:42:00"},{"id":"6d2c1c04-79fb-017b-8866-56baef645c08","status":"New","lead_source":"99acres","project_name":null,"date_created":"2016-01-19 13:42:00"},{"id":"6d72151e-ef46-2888-b28f-56a1e1df01c0","status":"New","lead_source":"99acres","project_name":null,"date_created":"2016-01-19 13:42:00"},{"id":"6d798e25-3169-bd70-1791-56bb0a0268d5","status":"New","lead_source":"99acres","project_name":null,"date_created":"2016-01-19 13:42:00"},{"id":"6dc7fe91-9368-2e90-e996-56a1e137b245","status":"New","lead_source":"99acres","project_name":null,"date_created":"2016-01-19 13:42:00"},{"id":"6de5e2ab-8d38-a040-bf54-56bb0a24a862","status":"New","lead_source":"99acres","project_name":null,"date_created":"2016-01-19 13:42:00"},{"id":"6e22737e-5d2a-d946-3ce5-56a1e09eb6a8","status":"New","lead_source":"99acres","project_name":null,"date_created":"2016-01-19 13:42:00"},{"id":"6ec57f8c-400b-c879-a756-56a1e04100d4","status":"New","lead_source":"99acres","project_name":null,"date_created":"2016-01-19 13:42:00"},{"id":"6ee50ec8-fbae-7f6c-e9cd-56a1e122c793","status":"New","lead_source":"99acres","project_name":null,"date_created":"2016-01-19 13:42:00"},{"id":"6ef1b2ec-55c1-dce6-e4ba-56bb0a86e7b1","status":"New","lead_source":"99acres","project_name":null,"date_created":"2016-01-19 13:42:00"},{"id":"6f0846f2-7153-68e5-5be9-56bb0ac488a2","status":"New","lead_source":"99acres","project_name":null,"date_created":"2016-01-19 13:42:00"},{"id":"6f2b94fe-aaa8-42bb-42ea-56a1e0fef81c","status":"New","lead_source":"MagicBricks","project_name":null,"date_created":"2016-01-19 13:42:00"},{"id":"6f439d43-a66e-16f7-d36a-56a1e052f8a5","status":"New","lead_source":"99acres","project_name":null,"date_created":"2016-01-19 13:42:00"},{"id":"6f8e1a4e-c875-a887-d28e-56baeffb14d0","status":"New","lead_source":"99acres","project_name":null,"date_created":"2016-01-19 13:42:00"},{"id":"6ffd950f-034a-eb67-2fbc-56a1e19eb0c7","status":"New","lead_source":"99acres","project_name":null,"date_created":"2016-01-19 13:42:00"},{"id":"7089f9c7-33aa-09a8-3608-56baefc75d8b","status":"New","lead_source":"99acres","project_name":null,"date_created":"2016-01-19 13:42:00"},{"id":"70b9f421-35cb-c6df-45d8-56bb0a7b786a","status":"New","lead_source":"99acres","project_name":null,"date_created":"2016-01-19 13:42:00"},{"id":"70d90048-1bc7-165f-97f5-56baef8ffd4e","status":"New","lead_source":"99acres","project_name":null,"date_created":"2016-01-19 13:42:00"},{"id":"70ed604e-eb77-1d18-87f8-56a1e1010ecd","status":"New","lead_source":"99acres","project_name":null,"date_created":"2016-01-19 13:42:00"},{"id":"70f77f1e-0d37-ab9a-527a-56bb0a82e37c","status":"New","lead_source":"99acres","project_name":null,"date_created":"2016-01-19 13:42:00"},{"id":"71c96041-3dd1-b239-9ca4-56baef89a2b3","status":"New","lead_source":"99acres","project_name":null,"date_created":"2016-01-19 13:42:00"},{"id":"722cb29a-52cc-6a80-14bb-56baef5a5435","status":"New","lead_source":"99acres","project_name":null,"date_created":"2016-01-19 13:42:00"},{"id":"7285c41e-1d39-895e-6b2e-56baef7bb3e7","status":"New","lead_source":"99acres","project_name":null,"date_created":"2016-01-19 13:42:00"},{"id":"7352b74e-24a9-82a3-2072-5638885a5a7b","status":"Sold","lead_source":"Employee","project_name":null,"date_created":"2015-11-03 10:13:27"},{"id":"73ed13ae-ae5e-61e1-e05a-56c622bee516","status":"New","lead_source":null,"project_name":null,"date_created":"2016-02-18 19:59:45"},{"id":"7438079b-9e77-9a49-e96a-56a1e1649e2b","status":"New","lead_source":"99acres","project_name":null,"date_created":"2016-01-19 13:42:00"},{"id":"749677cd-5bcd-9d3d-e1dd-56bb0a077688","status":"New","lead_source":"99acres","project_name":null,"date_created":"2016-01-19 13:42:00"},{"id":"74dfb638-c267-062c-dcc6-56baefd4e415","status":"New","lead_source":"99acres","project_name":null,"date_created":"2016-01-19 13:42:00"},{"id":"75aa0550-1f2a-02fc-3623-56a1e1f5ac01","status":"New","lead_source":"99acres","project_name":null,"date_created":"2016-01-19 13:42:00"},{"id":"76572695-0f71-3298-572e-56baef824596","status":"New","lead_source":"99acres","project_name":null,"date_created":"2016-01-19 13:42:00"},{"id":"76d26b00-aa0a-1a3d-c6b2-56a1e1757fe6","status":"New","lead_source":"99acres","project_name":null,"date_created":"2016-01-19 13:42:00"},{"id":"779da6e4-fc5a-3509-a760-56bb0a803ae6","status":"New","lead_source":"99acres","project_name":null,"date_created":"2016-01-19 13:42:00"},{"id":"77c6d13e-6623-cf94-cfa3-56bb0a393d80","status":"New","lead_source":"99acres","project_name":null,"date_created":"2016-01-19 13:42:00"},{"id":"780ccca4-e03d-d621-3dc3-56a1e18f0dd3","status":"New","lead_source":"99acres","project_name":null,"date_created":"2016-01-19 13:42:00"},{"id":"7839fe2d-44ea-54b0-540f-56bb0a1d8c74","status":"New","lead_source":"99acres","project_name":null,"date_created":"2016-01-19 13:42:00"},{"id":"7865adb5-5b31-ea0b-1046-56a1e1e87a2b","status":"New","lead_source":"99acres","project_name":null,"date_created":"2016-01-19 13:42:00"},{"id":"78bf00b1-cf50-4474-b608-56baef62fe63","status":"New","lead_source":"99acres","project_name":null,"date_created":"2016-01-19 13:42:00"},{"id":"791efbd8-df41-bb35-cc1b-56a1e167600d","status":"New","lead_source":"99acres","project_name":null,"date_created":"2016-01-19 13:42:00"},{"id":"793e5f90-31dd-2c00-867d-56baef5d09b6","status":"New","lead_source":"99acres","project_name":null,"date_created":"2016-01-19 13:42:00"},{"id":"79e8874b-c39d-3f15-c0bb-56bb0a7b8fde","status":"New","lead_source":"99acres","project_name":null,"date_created":"2016-01-19 13:42:00"},{"id":"79f45359-d0a5-8d0c-bef4-56baef9f188b","status":"New","lead_source":"99acres","project_name":null,"date_created":"2016-01-19 13:42:00"},{"id":"7a2ff639-fc10-ec51-2ecd-56a1e167e0fc","status":"New","lead_source":"99acres","project_name":null,"date_created":"2016-01-19 13:42:00"},{"id":"7a7dfbdb-af7f-070b-7c21-56baef317b42","status":"New","lead_source":"99acres","project_name":null,"date_created":"2016-01-19 13:42:00"},{"id":"7a821299-dc2a-3f4d-e34e-56a1e1dff1f5","status":"New","lead_source":"99acres","project_name":null,"date_created":"2016-01-19 13:42:00"},{"id":"7a9b8e99-0646-29f9-8698-56a1e00b29f6","status":"New","lead_source":"99acres","project_name":null,"date_created":"2016-01-19 13:42:00"},{"id":"7bd60203-46a0-a4e1-aecf-56bb0a3b30f0","status":"New","lead_source":"99acres","project_name":null,"date_created":"2016-01-19 13:42:00"},{"id":"7c12e193-afa9-cd3a-5a67-56a1e1e15530","status":"New","lead_source":"99acres","project_name":null,"date_created":"2016-01-19 13:42:00"},{"id":"7c9338fd-6883-aa0b-0d95-56bb0ae95077","status":"New","lead_source":"99acres","project_name":null,"date_created":"2016-01-19 13:42:00"},{"id":"7cd4eb77-bf14-9df9-aada-56bb0a4c349b","status":"New","lead_source":"99acres","project_name":null,"date_created":"2016-01-19 13:42:00"},{"id":"7d21e4cb-2cce-bb63-c041-56321e51623a","status":"Assigned","lead_source":"Own_Web_Site","project_name":null,"date_created":"2015-10-29 13:26:36"},{"id":"7e94447a-4122-fab0-29b8-56a1e1b95103","status":"New","lead_source":"99acres","project_name":null,"date_created":"2016-01-19 13:42:00"},{"id":"7e9b0957-543a-0f60-b684-56bb0ace5241","status":"New","lead_source":"99acres","project_name":null,"date_created":"2016-01-19 13:42:00"},{"id":"7ea66f75-fd62-cf16-86e7-56bb0aefbefe","status":"New","lead_source":"99acres","project_name":null,"date_created":"2016-01-19 13:42:00"},{"id":"7edb3546-caeb-e2e2-685c-56baef68d64f","status":"New","lead_source":"99acres","project_name":null,"date_created":"2016-01-19 13:42:00"},{"id":"7efb3003-690f-7b8b-8c4e-56baef40f859","status":"New","lead_source":"99acres","project_name":null,"date_created":"2016-01-19 13:42:00"},{"id":"80b0de67-0c92-a31e-4348-56baef1fa360","status":"New","lead_source":"99acres","project_name":null,"date_created":"2016-01-19 13:42:00"},{"id":"80cda98b-c72c-91c3-723e-56baefab6d14","status":"New","lead_source":"99acres","project_name":null,"date_created":"2016-01-19 13:42:00"},{"id":"81300975-fd28-b48c-4002-56baef33e589","status":"New","lead_source":"99acres","project_name":null,"date_created":"2016-01-19 13:42:00"},{"id":"81602bcf-88d3-ba36-de49-56123ebcff0a","status":"Sold","lead_source":"Self","project_name":null,"date_created":"2015-10-05 09:09:13"},{"id":"81c1855b-16a5-ded8-04ee-56bb0a71401c","status":"New","lead_source":"99acres","project_name":null,"date_created":"2016-01-19 13:42:00"},{"id":"82196fb0-0164-b09b-1f68-569604e79677","status":"New","lead_source":null,"project_name":null,"date_created":"2016-01-13 08:03:43"},{"id":"827af331-d167-d0c2-19da-56bb0a144761","status":"New","lead_source":"99acres","project_name":null,"date_created":"2016-01-19 13:42:00"},{"id":"82e13add-8337-6df3-f218-56bb0a3773eb","status":"New","lead_source":"99acres","project_name":null,"date_created":"2016-01-19 13:42:00"},{"id":"835671c1-eecb-d639-3ae1-56a1e1331317","status":"New","lead_source":"99acres","project_name":null,"date_created":"2016-01-19 13:42:00"},{"id":"838f12fe-6a51-884a-ac0b-56baefc94448","status":"New","lead_source":"99acres","project_name":null,"date_created":"2016-01-19 13:42:00"},{"id":"84f6adbb-b171-e78a-d7da-56baef7438c1","status":"New","lead_source":"99acres","project_name":null,"date_created":"2016-01-19 13:42:00"},{"id":"865b4027-c184-efc6-e819-563889c472f9","status":"Not_Reachable","lead_source":null,"project_name":null,"date_created":"2015-11-03 10:14:40"},{"id":"86d9c46c-9a66-a470-f492-56baefe700ad","status":"New","lead_source":"99acres","project_name":null,"date_created":"2016-01-19 13:42:00"},{"id":"86e57dff-d706-36d5-c8d9-56a1e04adc71","status":"New","lead_source":"99acres","project_name":null,"date_created":"2016-01-19 13:42:00"},{"id":"87183f67-ab24-293f-6103-56baefaba0b7","status":"New","lead_source":"99acres","project_name":null,"date_created":"2016-01-19 13:42:00"},{"id":"87b49457-7632-6ada-5597-56bb0a12a8a8","status":"New","lead_source":"99acres","project_name":null,"date_created":"2016-01-19 13:42:00"},{"id":"87b50978-5ec9-19ef-fd83-56a1e00ab4d0","status":"New","lead_source":"99acres","project_name":null,"date_created":"2016-01-19 13:42:00"},{"id":"87f49ab1-8dba-cc80-bf19-56bb0a069757","status":"New","lead_source":"99acres","project_name":null,"date_created":"2016-01-19 13:42:00"},{"id":"891ff4d1-7ccd-b080-dc7d-56bb0a73be4e","status":"New","lead_source":"99acres","project_name":null,"date_created":"2016-01-19 13:42:00"},{"id":"896156da-aa9b-e24f-958f-56a1e1272953","status":"New","lead_source":"99acres","project_name":null,"date_created":"2016-01-19 13:42:00"},{"id":"89a6463d-f3cf-ccdc-cffc-56bb0a66cd96","status":"New","lead_source":"99acres","project_name":null,"date_created":"2016-01-19 13:42:00"},{"id":"8a03c208-176e-0c11-55d8-56baefcda5ea","status":"New","lead_source":"99acres","project_name":null,"date_created":"2016-01-19 13:42:00"},{"id":"8ab7ed1e-5b76-0840-cb58-56bb0ac1d144","status":"New","lead_source":"99acres","project_name":null,"date_created":"2016-01-19 13:42:00"},{"id":"8ada3037-94bf-dc34-38ed-56bb0ab186ae","status":"New","lead_source":"99acres","project_name":null,"date_created":"2016-01-19 13:42:00"},{"id":"8b7b0896-a2f0-5e56-ad80-56bb0a297aa9","status":"New","lead_source":"99acres","project_name":null,"date_created":"2016-01-19 13:42:00"},{"id":"8b8492ab-e7af-d19b-96aa-56a1e1dda606","status":"New","lead_source":"99acres","project_name":null,"date_created":"2016-01-19 13:42:00"},{"id":"8c22b752-68b0-a478-7fb3-56bb0a58b71a","status":"New","lead_source":"99acres","project_name":null,"date_created":"2016-01-19 13:42:00"},{"id":"8c43b0c7-fd87-60c3-8951-56a1e0e2f817","status":"New","lead_source":"99acres","project_name":null,"date_created":"2016-01-19 13:42:00"},{"id":"8c504860-b65e-8941-dc49-56bb0a92a2bf","status":"New","lead_source":"99acres","project_name":null,"date_created":"2016-01-19 13:42:00"},{"id":"8eec8984-cd8b-ae8c-519a-56bb0a8ccc9f","status":"New","lead_source":"99acres","project_name":null,"date_created":"2016-01-19 13:42:00"},{"id":"8f67afb8-ea61-54d5-f768-56baefe1e385","status":"New","lead_source":"99acres","project_name":null,"date_created":"2016-01-19 13:42:00"},{"id":"8fff9120-49a3-24bd-39bb-56baef5f830a","status":"New","lead_source":"99acres","project_name":null,"date_created":"2016-01-19 13:42:00"},{"id":"907d137b-dd4e-0df1-c22e-56a1e174985d","status":"New","lead_source":"99acres","project_name":null,"date_created":"2016-01-19 13:42:00"},{"id":"9104c5ff-5dae-3967-f9a4-56a1e15cd9b2","status":"New","lead_source":"99acres","project_name":null,"date_created":"2016-01-19 13:42:00"},{"id":"9152f4bf-6807-c2b1-d5e9-56baefaa4f28","status":"New","lead_source":"99acres","project_name":null,"date_created":"2016-01-19 13:42:00"},{"id":"91ab4d21-3e01-8e76-87b2-56baefb16e22","status":"New","lead_source":"99acres","project_name":null,"date_created":"2016-01-19 13:42:00"},{"id":"9260b943-1b82-cc55-f6a5-56baef3c0407","status":"New","lead_source":"99acres","project_name":null,"date_created":"2016-01-19 13:42:00"},{"id":"92a5fbb5-b370-9c7a-b754-56baef3bcd54","status":"New","lead_source":"99acres","project_name":null,"date_created":"2016-01-19 13:42:00"},{"id":"93230ac8-1f2f-2944-67e2-56a1e01c250d","status":"New","lead_source":"99acres","project_name":null,"date_created":"2016-01-19 13:42:00"},{"id":"9370d4d8-3f11-387d-060a-56bb0ad90ee9","status":"New","lead_source":"99acres","project_name":null,"date_created":"2016-01-19 13:42:00"},{"id":"9379e275-da0c-2764-1071-56baefb2a15e","status":"New","lead_source":"99acres","project_name":null,"date_created":"2016-01-19 13:42:00"},{"id":"93f909ee-3fde-3675-8414-56a1e0967dd9","status":"New","lead_source":"99acres","project_name":null,"date_created":"2016-01-19 13:42:00"},{"id":"94ce3bb4-4676-c2aa-095b-56a1e1b5c8e1","status":"New","lead_source":"99acres","project_name":null,"date_created":"2016-01-19 13:42:00"},{"id":"94d55c1a-b6aa-6454-f0b1-56a1e110f289","status":"New","lead_source":"99acres","project_name":null,"date_created":"2016-01-19 13:42:00"},{"id":"94dee3e3-ff52-84f6-115f-56a1e154d245","status":"New","lead_source":"99acres","project_name":null,"date_created":"2016-01-19 13:42:00"},{"id":"94fa9467-0cc7-54ba-9b47-56bb0a6a837a","status":"New","lead_source":"99acres","project_name":null,"date_created":"2016-01-19 13:42:00"},{"id":"954b7df9-0847-f37f-a7c7-56bb0a000958","status":"New","lead_source":"99acres","project_name":null,"date_created":"2016-01-19 13:42:00"},{"id":"97560159-6a58-4165-013d-56c629e7a379","status":"New","lead_source":null,"project_name":null,"date_created":"2016-02-18 20:29:27"},{"id":"978a3c6c-f00e-43be-f47e-56bb0af4b53e","status":"New","lead_source":"99acres","project_name":null,"date_created":"2016-01-19 13:42:00"},{"id":"97d39380-5634-05d9-2386-56a1e083efe8","status":"New","lead_source":"99acres","project_name":null,"date_created":"2016-01-19 13:42:00"},{"id":"98906464-1bff-5b29-9b87-56baefabdc66","status":"New","lead_source":"99acres","project_name":null,"date_created":"2016-01-19 13:42:00"},{"id":"99051d62-22fb-7027-10ad-56bb0a3749a1","status":"New","lead_source":"99acres","project_name":null,"date_created":"2016-01-19 13:42:00"},{"id":"99484798-7ff0-3c90-2071-56baeffe9c25","status":"New","lead_source":"99acres","project_name":null,"date_created":"2016-01-19 13:42:00"},{"id":"9983597e-8f01-f5a3-3e66-56a1e1c32f37","status":"New","lead_source":"99acres","project_name":null,"date_created":"2016-01-19 13:42:00"},{"id":"9a223af1-5204-04ce-bfb8-56a1e1cd7ea6","status":"New","lead_source":"99acres","project_name":null,"date_created":"2016-01-19 13:42:00"},{"id":"9a24b540-8252-c95f-bab1-56baef57c02b","status":"New","lead_source":"99acres","project_name":null,"date_created":"2016-01-19 13:42:00"},{"id":"9a26bd7a-e3a0-0997-fa67-56a1e00a288b","status":"New","lead_source":"99acres","project_name":null,"date_created":"2016-01-19 13:42:00"},{"id":"9a8b1811-2dd4-7cb8-47fc-56bb0a91e85c","status":"New","lead_source":"99acres","project_name":null,"date_created":"2016-01-19 13:42:00"},{"id":"9b6e83a2-78a0-81fe-f043-56a1e0b33704","status":"New","lead_source":"99acres","project_name":null,"date_created":"2016-01-19 13:42:00"},{"id":"9bcd12fe-d587-767f-6b1d-56baef4f798e","status":"New","lead_source":"99acres","project_name":null,"date_created":"2016-01-19 13:42:00"},{"id":"9d6795d3-429c-ec95-400b-5638bdf0439a","status":"Call_Later","lead_source":"Self","project_name":null,"date_created":"2015-11-03 14:00:18"},{"id":"9f37dca9-3be0-9c4f-29e2-56bb0abae5d0","status":"New","lead_source":"99acres","project_name":null,"date_created":"2016-01-19 13:42:00"},{"id":"9f39c6b8-2ac5-9a70-eaaf-56baef2284e6","status":"New","lead_source":"99acres","project_name":null,"date_created":"2016-01-19 13:42:00"},{"id":"9fc26e6b-0b9e-e8fe-27a6-562f53e3dad0","status":"Sold","lead_source":"Advertisement","project_name":null,"date_created":"2015-10-27 10:35:26"},{"id":"9fd5a02a-d2eb-2c2a-232f-56baef8482a7","status":"New","lead_source":"99acres","project_name":null,"date_created":"2016-01-19 13:42:00"},{"id":"a0dbf23b-1deb-63cd-c42d-56a1e1ab1e54","status":"New","lead_source":"99acres","project_name":null,"date_created":"2016-01-19 13:42:00"},{"id":"a1a66ddf-5cf2-d46d-0d42-563379c8981d","status":"Not_Reachable","lead_source":"Agent_Broker","project_name":null,"date_created":"2015-10-30 14:07:00"},{"id":"a1dfaf77-51c8-9267-c6ef-560ba8f93e2e","status":"New","lead_source":"Employee","project_name":null,"date_created":"2015-09-30 09:18:28"},{"id":"a32ad49a-db03-09af-9c3d-56bb0ad5a3ee","status":"New","lead_source":"99acres","project_name":null,"date_created":"2016-01-19 13:42:00"},{"id":"a3484704-da40-ceb8-f42f-56a1e11420f8","status":"New","lead_source":"99acres","project_name":null,"date_created":"2016-01-19 13:42:00"},{"id":"a3b7f40a-95fc-8dde-ca13-56baefe36bc8","status":"New","lead_source":"99acres","project_name":null,"date_created":"2016-01-19 13:42:00"},{"id":"a3d14858-a9f8-7519-07e0-56a1e0cb72b4","status":"New","lead_source":"99acres","project_name":null,"date_created":"2016-01-19 13:42:00"},{"id":"a456108d-08f9-4340-0907-56a1d271b659","status":"Not_Reachable","lead_source":null,"project_name":null,"date_created":"2016-01-22 06:54:05"},{"id":"a4861832-d54e-b22d-dafe-56baefb2a58b","status":"New","lead_source":"99acres","project_name":null,"date_created":"2016-01-19 13:42:00"},{"id":"a518fd07-4fbc-bcfd-df4b-56baef652ef2","status":"New","lead_source":"99acres","project_name":null,"date_created":"2016-01-19 13:42:00"},{"id":"a5a3ae26-0229-57cd-1db8-56a1e180d913","status":"New","lead_source":"99acres","project_name":null,"date_created":"2016-01-19 13:42:00"},{"id":"a6ea2a2a-29a3-5eaf-da77-56baefbabd21","status":"New","lead_source":"99acres","project_name":null,"date_created":"2016-01-19 13:42:00"},{"id":"a71f9fe0-7504-1b0a-5223-56bb0aca3c37","status":"New","lead_source":"99acres","project_name":null,"date_created":"2016-01-19 13:42:00"},{"id":"a836b4f5-b653-d977-8322-56bb0af5749a","status":"New","lead_source":"99acres","project_name":null,"date_created":"2016-01-19 13:42:00"},{"id":"a8d0d7fa-4e85-a85b-c82a-56951c92d7a6","status":"New","lead_source":null,"project_name":null,"date_created":"2016-01-12 15:32:42"},{"id":"a915a23b-f8d6-d833-ac85-56baef97a1e3","status":"New","lead_source":"99acres","project_name":null,"date_created":"2016-01-19 13:42:00"},{"id":"a9220983-85e3-a9f0-aaf2-56bb0a1dc6ef","status":"New","lead_source":"99acres","project_name":null,"date_created":"2016-01-19 13:42:00"},{"id":"a92b9e40-7a2b-9932-7a8c-5633762e78e6","status":"Not_Reachable","lead_source":"Self","project_name":null,"date_created":"2015-10-30 13:53:02"},{"id":"a980ad1a-5582-1525-6404-56a1e19a18d7","status":"New","lead_source":"99acres","project_name":null,"date_created":"2016-01-19 13:42:00"},{"id":"aa0e096e-8100-665d-ba45-56baef31a798","status":"New","lead_source":"99acres","project_name":null,"date_created":"2016-01-19 13:42:00"},{"id":"aa506fbf-28d7-12df-c8d6-56bb0a3bb819","status":"New","lead_source":"99acres","project_name":null,"date_created":"2016-01-19 13:42:00"},{"id":"ab303251-1688-314e-68ed-56efd7030dd6","status":"New","lead_source":null,"project_name":null,"date_created":"2016-03-21 11:15:03"},{"id":"ab711c25-ccf2-10e5-6352-56baef7367ed","status":"New","lead_source":"99acres","project_name":null,"date_created":"2016-01-19 13:42:00"},{"id":"ac8ef5bf-75c1-4b58-cccf-56baefaae185","status":"New","lead_source":"99acres","project_name":null,"date_created":"2016-01-19 13:42:00"},{"id":"ad140723-6e8b-1800-60c2-56baef732d67","status":"New","lead_source":"99acres","project_name":null,"date_created":"2016-01-19 13:42:00"},{"id":"ad2401f2-b6f1-efc0-5968-56a1e114c97b","status":"New","lead_source":"99acres","project_name":null,"date_created":"2016-01-19 13:42:00"},{"id":"ad2ea9ac-2a9d-4658-7ec3-56baefc87400","status":"New","lead_source":"99acres","project_name":null,"date_created":"2016-01-19 13:42:00"},{"id":"ad712905-a15b-6186-ac51-56bb0a394a9d","status":"New","lead_source":"99acres","project_name":null,"date_created":"2016-01-19 13:42:00"},{"id":"ad9517e2-9c92-3feb-d938-56a1e0d35b8e","status":"New","lead_source":"99acres","project_name":null,"date_created":"2016-01-19 13:42:00"},{"id":"adec01a9-2609-17eb-1f44-56baefbf8094","status":"New","lead_source":"99acres","project_name":null,"date_created":"2016-01-19 13:42:00"},{"id":"ae67ad81-3617-105e-d729-56baef247df0","status":"New","lead_source":"99acres","project_name":null,"date_created":"2016-01-19 13:42:00"},{"id":"af14ce90-b95f-e7b9-ae55-56bb0a312dd5","status":"New","lead_source":"99acres","project_name":null,"date_created":"2016-01-19 13:42:00"},{"id":"b0d9ae37-8d08-1e80-be33-56a1e17be8b6","status":"New","lead_source":"99acres","project_name":null,"date_created":"2016-01-19 13:42:00"},{"id":"b0f1e3bf-c637-7157-7c63-56a1e0caa1c4","status":"New","lead_source":"99acres","project_name":null,"date_created":"2016-01-19 13:42:00"},{"id":"b1250b51-7a72-4007-106c-56a1e061f468","status":"New","lead_source":"99acres","project_name":null,"date_created":"2016-01-19 13:42:00"},{"id":"b12d3695-8a63-e197-2ad4-56a1e177c2ea","status":"New","lead_source":"99acres","project_name":null,"date_created":"2016-01-19 13:42:00"},{"id":"b14f182b-5a82-a7ab-c0b3-56bb0af0d8f9","status":"New","lead_source":"99acres","project_name":null,"date_created":"2016-01-19 13:42:00"},{"id":"b156aa7b-a3de-1dab-e292-56bb0ae599fb","status":"New","lead_source":"99acres","project_name":null,"date_created":"2016-01-19 13:42:00"},{"id":"b17732f5-90f0-8f95-cf9e-56bb0a2a1fad","status":"New","lead_source":"99acres","project_name":null,"date_created":"2016-01-19 13:42:00"},{"id":"b1f25de8-8d69-6c3b-b5be-56bb0a7a8765","status":"New","lead_source":"99acres","project_name":null,"date_created":"2016-01-19 13:42:00"},{"id":"b2429251-695a-1bbf-6c35-56a1e0692500","status":"New","lead_source":"99acres","project_name":null,"date_created":"2016-01-19 13:42:00"},{"id":"b2857495-5907-7a9a-6b08-56bb0a0e9036","status":"New","lead_source":"99acres","project_name":null,"date_created":"2016-01-19 13:42:00"},{"id":"b2c7638e-130b-12ab-5d2a-56a1e0af8d50","status":"New","lead_source":"99acres","project_name":null,"date_created":"2016-01-19 13:42:00"},{"id":"b381a516-a244-5794-21a1-56bb0a216c2f","status":"New","lead_source":"99acres","project_name":null,"date_created":"2016-01-19 13:42:00"},{"id":"b3b495cf-fb0d-0818-03fb-56bb0ac3c181","status":"New","lead_source":"99acres","project_name":null,"date_created":"2016-01-19 13:42:00"},{"id":"b458d63d-9ed3-11f6-8455-56baef131528","status":"New","lead_source":"99acres","project_name":null,"date_created":"2016-01-19 13:42:00"},{"id":"b49e8724-65bf-3c57-9b42-56baefe0f5af","status":"New","lead_source":"99acres","project_name":null,"date_created":"2016-01-19 13:42:00"},{"id":"b628fc6f-d289-555e-83a0-56a1e1cf1167","status":"New","lead_source":"99acres","project_name":null,"date_created":"2016-01-19 13:42:00"},{"id":"b6675ef1-4cb4-4578-b459-56baefa460a7","status":"New","lead_source":"99acres","project_name":null,"date_created":"2016-01-19 13:42:00"},{"id":"b6c0c66b-60bf-7bdc-559f-56baef28ae36","status":"New","lead_source":"99acres","project_name":null,"date_created":"2016-01-19 13:42:00"},{"id":"b724e976-17d6-424c-95d5-56a1e1c9b609","status":"New","lead_source":"99acres","project_name":null,"date_created":"2016-01-19 13:42:00"},{"id":"b728d2b1-1d0f-1e0c-2a01-56baefd20b5f","status":"New","lead_source":"99acres","project_name":null,"date_created":"2016-01-19 13:42:00"},{"id":"b78ddcb6-e4da-a52b-fbc4-56bb0a5e93dd","status":"New","lead_source":"99acres","project_name":null,"date_created":"2016-01-19 13:42:00"},{"id":"b7c8efc1-2ff1-7ef2-592f-56baef70fda0","status":"New","lead_source":"99acres","project_name":null,"date_created":"2016-01-19 13:42:00"},{"id":"b7f190b2-b0c1-6b7e-3576-56baefdc791b","status":"New","lead_source":"99acres","project_name":null,"date_created":"2016-01-19 13:42:00"},{"id":"b8aa8f55-fbe3-6b0b-e8af-56baef005ba5","status":"New","lead_source":"99acres","project_name":null,"date_created":"2016-01-19 13:42:00"},{"id":"b8ccfef2-3cf4-97ee-ddbe-56bb0a8972a5","status":"New","lead_source":"99acres","project_name":null,"date_created":"2016-01-19 13:42:00"},{"id":"b8f9b25a-551f-92ce-0bb0-56bb0ab513ce","status":"New","lead_source":"99acres","project_name":null,"date_created":"2016-01-19 13:42:00"},{"id":"b9ce4d3a-b489-0a78-6b87-56a1e19e516c","status":"New","lead_source":"99acres","project_name":null,"date_created":"2016-01-19 13:42:00"},{"id":"b9f10dc1-9062-cf5d-fd80-56baefba3cf9","status":"New","lead_source":"99acres","project_name":null,"date_created":"2016-01-19 13:42:00"},{"id":"ba0160c0-36bf-62a2-7447-56388a3b2d72","status":"Sold","lead_source":"Own_Web_Site","project_name":null,"date_created":"2015-11-03 10:21:35"},{"id":"ba287e1e-e4b4-e080-cde2-56bb0ad44819","status":"New","lead_source":"99acres","project_name":null,"date_created":"2016-01-19 13:42:00"},{"id":"ba74a218-57e5-bb58-0f63-56a1e1e8c8d5","status":"New","lead_source":"99acres","project_name":null,"date_created":"2016-01-19 13:42:00"},{"id":"bb09f31e-2249-fe82-b307-56bb0a653b1d","status":"New","lead_source":"99acres","project_name":null,"date_created":"2016-01-19 13:42:00"},{"id":"bb8e7876-409a-d03f-1f72-56bb0a866ca6","status":"New","lead_source":"99acres","project_name":null,"date_created":"2016-01-19 13:42:00"},{"id":"bbd7650e-603f-f97a-5081-56a1e0c6f106","status":"New","lead_source":"99acres","project_name":null,"date_created":"2016-01-19 13:42:00"},{"id":"bc0315bd-28fe-4480-d321-5631ecc56360","status":"Assigned","lead_source":"Own_Web_Site","project_name":null,"date_created":"2015-10-29 09:52:09"},{"id":"bc2517de-0fb9-f832-605d-56bb0aaceb91","status":"New","lead_source":"99acres","project_name":null,"date_created":"2016-01-19 13:42:00"},{"id":"bc5af82f-7c4e-47da-f1cc-56a1e0c13e17","status":"New","lead_source":"99acres","project_name":null,"date_created":"2016-01-19 13:42:00"},{"id":"bcb4a65d-9d72-1340-c824-56baef78f073","status":"New","lead_source":"99acres","project_name":null,"date_created":"2016-01-19 13:42:00"},{"id":"bd03e7fa-fb97-f678-e2ae-56a1e0b4659d","status":"New","lead_source":"99acres","project_name":null,"date_created":"2016-01-19 13:42:00"},{"id":"bd9f9d03-04f2-0b68-a426-56baef0b5e86","status":"New","lead_source":"99acres","project_name":null,"date_created":"2016-01-19 13:42:00"},{"id":"bdd69eaf-07cb-7098-3b1d-56bb0ae9e80f","status":"New","lead_source":"99acres","project_name":null,"date_created":"2016-01-19 13:42:00"},{"id":"bdf68cc4-0255-f3c3-09cc-56a1e1a5dac5","status":"New","lead_source":"99acres","project_name":null,"date_created":"2016-01-19 13:42:00"},{"id":"bdfe45db-239b-8c4b-b8d9-56baef8b64ab","status":"New","lead_source":"99acres","project_name":null,"date_created":"2016-01-19 13:42:00"},{"id":"be4583c2-8278-feda-0e26-56baef544c01","status":"New","lead_source":"99acres","project_name":null,"date_created":"2016-01-19 13:42:00"},{"id":"bea591d0-abcd-9e23-b42a-56baef7a06c6","status":"New","lead_source":"99acres","project_name":null,"date_created":"2016-01-19 13:42:00"},{"id":"bef77473-d64d-ef86-a8d4-56bb0ab83f9b","status":"New","lead_source":"99acres","project_name":null,"date_created":"2016-01-19 13:42:00"},{"id":"bf6285f9-638d-78f4-1f64-56baef890a31","status":"New","lead_source":"99acres","project_name":null,"date_created":"2016-01-19 13:42:00"},{"id":"bf9eb3b8-21c6-96ac-5332-56a1e1b35e0b","status":"New","lead_source":"99acres","project_name":null,"date_created":"2016-01-19 13:42:00"},{"id":"bfc49382-1d06-acff-49c5-56bb0a7f0e13","status":"New","lead_source":"99acres","project_name":null,"date_created":"2016-01-19 13:42:00"},{"id":"bfda0b19-3ce6-5fc0-24d2-56baef5c219c","status":"New","lead_source":"99acres","project_name":null,"date_created":"2016-01-19 13:42:00"},{"id":"c0661afb-65a1-84bb-35db-56baef9784d9","status":"New","lead_source":"99acres","project_name":null,"date_created":"2016-01-19 13:42:00"},{"id":"c07e55d1-46ec-cd5a-ea92-56bb0a197ee6","status":"New","lead_source":"MagicBricks","project_name":null,"date_created":"2016-01-19 13:42:00"},{"id":"c1650845-0701-3a6a-89e1-567a8ebd14c5","status":"New","lead_source":"99acres","project_name":null,"date_created":"2015-12-23 12:07:56"},{"id":"c19321c9-c33c-c0bc-7349-56bb0a7986d5","status":"New","lead_source":"99acres","project_name":null,"date_created":"2016-01-19 13:42:00"},{"id":"c19dfb4f-d0f3-7837-bf99-56a1e0b1e3f1","status":"New","lead_source":"99acres","project_name":null,"date_created":"2016-01-19 13:42:00"},{"id":"c1a67256-9a6d-696d-419f-56baefd65472","status":"New","lead_source":"99acres","project_name":null,"date_created":"2016-01-19 13:42:00"},{"id":"c1cf4db6-20cc-a274-35cf-56baef5be9cf","status":"New","lead_source":"99acres","project_name":null,"date_created":"2016-01-19 13:42:00"},{"id":"c21e0aa1-b05f-2bb2-98e2-56bb0aa910b6","status":"New","lead_source":"99acres","project_name":null,"date_created":"2016-01-19 13:42:00"},{"id":"c221f9a4-f6ab-7381-dbd8-56bb0a077cc5","status":"New","lead_source":"99acres","project_name":null,"date_created":"2016-01-19 13:42:00"},{"id":"c29de527-ecbf-7dfa-9478-56bb0a16a1b1","status":"New","lead_source":"99acres","project_name":null,"date_created":"2016-01-19 13:42:00"},{"id":"c2b80a3b-c6bd-2120-4eee-56baefe34e51","status":"New","lead_source":"99acres","project_name":null,"date_created":"2016-01-19 13:42:00"},{"id":"c2d28491-41c5-6e07-f0f3-56123e816abc","status":"Assigned","lead_source":"Client","project_name":null,"date_created":"2015-10-05 09:10:19"},{"id":"c2d33cf0-fee5-9444-3952-56bb0a80176a","status":"New","lead_source":"99acres","project_name":null,"date_created":"2016-01-19 13:42:00"},{"id":"c37bc4f8-85c6-f2b2-674e-56baeff19404","status":"New","lead_source":"99acres","project_name":null,"date_created":"2016-01-19 13:42:00"},{"id":"c389074f-7cd2-9a54-abb7-56baef380d93","status":"New","lead_source":"99acres","project_name":null,"date_created":"2016-01-19 13:42:00"},{"id":"c397f10c-cd82-6c1f-95e7-56fa854d8025","status":"Sitevisit","lead_source":"Hoarding","project_name":null,"date_created":"2016-03-29 13:40:58"},{"id":"c3a68ffd-36c1-82a6-63ba-5632263f9b6d","status":"Assigned","lead_source":"Other_Web_Site","project_name":null,"date_created":"2015-10-29 14:00:12"},{"id":"c4c3997f-57f0-e882-361b-563887cd436e","status":"Sold","lead_source":"Agent_Broker","project_name":null,"date_created":"2015-11-03 10:06:04"},{"id":"c5aa06d2-3426-ed01-c1f3-56baef09b4a6","status":"New","lead_source":"99acres","project_name":null,"date_created":"2016-01-19 13:42:00"},{"id":"c657b83a-e2ee-a3e1-d458-56a1e00e801d","status":"New","lead_source":"99acres","project_name":null,"date_created":"2016-01-19 13:42:00"},{"id":"c682799c-f9ee-03f5-ae46-56bb0aa0b59c","status":"New","lead_source":"99acres","project_name":null,"date_created":"2016-01-19 13:42:00"},{"id":"c6c91d23-cdb6-53a4-78db-56bb0a3fb48d","status":"New","lead_source":"99acres","project_name":null,"date_created":"2016-01-19 13:42:00"},{"id":"c6e78774-f7c8-6166-af35-56bb0aabfa80","status":"New","lead_source":"99acres","project_name":null,"date_created":"2016-01-19 13:42:00"},{"id":"c70fe008-24d8-5cf1-72cb-56bb0a8e3321","status":"New","lead_source":"99acres","project_name":null,"date_created":"2016-01-19 13:42:00"},{"id":"c71b0ea5-c129-cd0f-0643-56bb0af812d2","status":"New","lead_source":"99acres","project_name":null,"date_created":"2016-01-19 13:42:00"},{"id":"c71b1b20-c09c-6d22-213d-56bb0ab9139d","status":"New","lead_source":"99acres","project_name":null,"date_created":"2016-01-19 13:42:00"},{"id":"c77db186-0e00-6a37-2f50-56a1e1d5e955","status":"New","lead_source":"99acres","project_name":null,"date_created":"2016-01-19 13:42:00"},{"id":"c7a51fbe-99f5-173c-98d6-56a1e19594f3","status":"New","lead_source":"99acres","project_name":null,"date_created":"2016-01-19 13:42:00"},{"id":"c7b9ce41-047d-bb59-82d2-56bb0afd813f","status":"New","lead_source":"99acres","project_name":null,"date_created":"2016-01-19 13:42:00"},{"id":"c7c84d00-5e1c-5613-6817-56bb0a47b7e8","status":"New","lead_source":"99acres","project_name":null,"date_created":"2016-01-19 13:42:00"},{"id":"c84b5b2a-e34d-e4f7-9381-56a1e037700f","status":"New","lead_source":"99acres","project_name":null,"date_created":"2016-01-19 13:42:00"},{"id":"c88f08c3-f1bc-6a7c-6cb9-56a1e1e71d29","status":"New","lead_source":"99acres","project_name":null,"date_created":"2016-01-19 13:42:00"},{"id":"c8b760ea-e3cd-31c0-7388-56baef33db8b","status":"New","lead_source":"99acres","project_name":null,"date_created":"2016-01-19 13:42:00"},{"id":"c94e34d6-b3fb-eb05-b015-56bb0adf75c4","status":"New","lead_source":"99acres","project_name":null,"date_created":"2016-01-19 13:42:00"},{"id":"c9bc568d-f81d-4f68-891a-56baef254990","status":"New","lead_source":"99acres","project_name":null,"date_created":"2016-01-19 13:42:00"},{"id":"ca1bbd7e-4faa-4d78-db8d-56baef8c69b5","status":"New","lead_source":"99acres","project_name":null,"date_created":"2016-01-19 13:42:00"},{"id":"ca7e00aa-11fd-c19d-7f10-56bb0a95dd30","status":"New","lead_source":"99acres","project_name":null,"date_created":"2016-01-19 13:42:00"},{"id":"cb090ccf-12cf-6006-845d-56bb0a5ef4b5","status":"New","lead_source":"99acres","project_name":null,"date_created":"2016-01-19 13:42:00"},{"id":"cbab381c-b316-31e5-971a-56baef57c874","status":"New","lead_source":"99acres","project_name":null,"date_created":"2016-01-19 13:42:00"},{"id":"cc6a7802-f02e-d9ff-3e28-56baefb0ace0","status":"New","lead_source":"99acres","project_name":null,"date_created":"2016-01-19 13:42:00"},{"id":"cc79b231-b5e2-e5aa-93e5-56baef5b69ef","status":"New","lead_source":"99acres","project_name":null,"date_created":"2016-01-19 13:42:00"},{"id":"cc9f6008-706f-4066-8276-56baef32f562","status":"New","lead_source":"99acres","project_name":null,"date_created":"2016-01-19 13:42:00"},{"id":"cd79d265-e105-330c-eb06-56baefd21c4d","status":"New","lead_source":"99acres","project_name":null,"date_created":"2016-01-19 13:42:00"},{"id":"cde164c2-3c34-5360-e123-56a1e0f37bcc","status":"New","lead_source":"99acres","project_name":null,"date_created":"2016-01-19 13:42:00"},{"id":"ce6d02b4-421c-9539-bee7-56a1e1dbd571","status":"New","lead_source":"99acres","project_name":null,"date_created":"2016-01-19 13:42:00"},{"id":"cf0247d4-7a78-1fa6-ea7e-56baef97f082","status":"New","lead_source":"99acres","project_name":null,"date_created":"2016-01-19 13:42:00"},{"id":"cf0dc71f-9254-46fe-f296-56a1e14d62cb","status":"New","lead_source":"99acres","project_name":null,"date_created":"2016-01-19 13:42:00"},{"id":"cf327c32-e04d-51ff-6836-56baef77abae","status":"New","lead_source":"99acres","project_name":null,"date_created":"2016-01-19 13:42:00"},{"id":"cf32e2e7-2ddb-bd4e-1d41-56a1e0baf900","status":"New","lead_source":"99acres","project_name":null,"date_created":"2016-01-19 13:42:00"},{"id":"d02de884-b3b9-f142-8f87-56baef920bdc","status":"New","lead_source":"99acres","project_name":null,"date_created":"2016-01-19 13:42:00"},{"id":"d08f0468-0f2c-9174-007f-56baef564b29","status":"New","lead_source":"99acres","project_name":null,"date_created":"2016-01-19 13:42:00"},{"id":"d0d3f14d-88fc-edc1-9987-56bb0a468bae","status":"New","lead_source":"99acres","project_name":null,"date_created":"2016-01-19 13:42:00"},{"id":"d1020022-1503-eb69-2fc0-56baef1442d1","status":"New","lead_source":"99acres","project_name":null,"date_created":"2016-01-19 13:42:00"},{"id":"d161b9cd-1556-8d07-2fce-56baefb739b8","status":"New","lead_source":"99acres","project_name":null,"date_created":"2016-01-19 13:42:00"},{"id":"d1d9469c-fbb5-db8e-bc0d-56fa843c020c","status":"In_Conversation","lead_source":"MagicBricks","project_name":null,"date_created":"2016-03-29 13:34:53"},{"id":"d2e6ef13-6dfd-bbdb-fccf-56bb0a5905cb","status":"New","lead_source":"99acres","project_name":null,"date_created":"2016-01-19 13:42:00"},{"id":"d4a21c8b-ce0c-6ab3-2a23-56a1e13d7c51","status":"New","lead_source":"99acres","project_name":null,"date_created":"2016-01-19 13:42:00"},{"id":"d4fbfe41-c0e6-a13a-5077-56bb0a9059f0","status":"New","lead_source":"99acres","project_name":null,"date_created":"2016-01-19 13:42:00"},{"id":"d560c222-fef8-6b7d-edf6-56a1e15c3bb5","status":"New","lead_source":"99acres","project_name":null,"date_created":"2016-01-19 13:42:00"},{"id":"d58138c2-f7fc-9e28-3e1d-56a1e0e41466","status":"New","lead_source":"99acres","project_name":null,"date_created":"2016-01-19 13:42:00"},{"id":"d69feb66-a8b2-bb41-aa94-56a1e1ffd40d","status":"New","lead_source":"99acres","project_name":null,"date_created":"2016-01-19 13:42:00"},{"id":"d6a199ee-432d-8f19-2c70-56baef4d170f","status":"New","lead_source":"99acres","project_name":null,"date_created":"2016-01-19 13:42:00"},{"id":"d6b43127-8312-328e-7743-56baef5b5e15","status":"New","lead_source":"99acres","project_name":null,"date_created":"2016-01-19 13:42:00"},{"id":"d6e892d4-acf5-b52a-df1d-56baef408ab8","status":"New","lead_source":"99acres","project_name":null,"date_created":"2016-01-19 13:42:00"},{"id":"d7196f36-a7f7-f448-925e-56a1e1fe7e8d","status":"New","lead_source":"99acres","project_name":null,"date_created":"2016-01-19 13:42:00"},{"id":"d7c4a623-8189-b609-5688-56bb0ab4b372","status":"New","lead_source":"99acres","project_name":null,"date_created":"2016-01-19 13:42:00"},{"id":"d816dbcc-3d31-15ac-a837-56bb0aaa1107","status":"New","lead_source":"99acres","project_name":null,"date_created":"2016-01-19 13:42:00"},{"id":"d839af07-3468-984a-c2fb-56baefa76077","status":"New","lead_source":"99acres","project_name":null,"date_created":"2016-01-19 13:42:00"},{"id":"d8495d9f-bd6d-f129-c026-56baef067b19","status":"New","lead_source":"99acres","project_name":null,"date_created":"2016-01-19 13:42:00"},{"id":"d860b502-3f0f-3585-004c-56baef08981e","status":"New","lead_source":"99acres","project_name":null,"date_created":"2016-01-19 13:42:00"},{"id":"d86481ee-d0f9-db5a-a52b-56ba3dabf9cc","status":"New","lead_source":null,"project_name":null,"date_created":"2016-02-09 19:28:45"},{"id":"d86dfae9-5eb9-3e4d-1ece-56baef2fe327","status":"New","lead_source":"99acres","project_name":null,"date_created":"2016-01-19 13:42:00"},{"id":"d8bbb5b7-a013-acaf-db17-56bb0ad3bac4","status":"New","lead_source":"99acres","project_name":null,"date_created":"2016-01-19 13:42:00"},{"id":"d8dee03f-a099-d668-0da6-5638bee50706","status":"Not_Reachable","lead_source":"Self","project_name":null,"date_created":"2015-11-03 14:03:34"},{"id":"d945e828-95e8-dd21-757c-56bb0a745836","status":"New","lead_source":"99acres","project_name":null,"date_created":"2016-01-19 13:42:00"},{"id":"d951614a-eb91-1998-f10f-56a1e05d0982","status":"New","lead_source":"99acres","project_name":null,"date_created":"2016-01-19 13:42:00"},{"id":"d96caa8b-2984-a9f9-321c-56baefe27d1d","status":"New","lead_source":"99acres","project_name":null,"date_created":"2016-01-19 13:42:00"},{"id":"d99b70cc-cfbe-027b-2611-56a1e03c3869","status":"New","lead_source":"99acres","project_name":null,"date_created":"2016-01-19 13:42:00"},{"id":"d9d21b78-bc1c-7012-6192-56baef55b9fb","status":"New","lead_source":"99acres","project_name":null,"date_created":"2016-01-19 13:42:00"},{"id":"d9e879ba-4b92-0701-9f56-56a1e0fb9e89","status":"New","lead_source":"99acres","project_name":null,"date_created":"2016-01-19 13:42:00"},{"id":"d9eebcdb-4104-be79-b60d-56bb0a7a7cbe","status":"New","lead_source":"99acres","project_name":null,"date_created":"2016-01-19 13:42:00"},{"id":"dafeb60e-fee4-116a-0593-56bb0a0192f1","status":"New","lead_source":"99acres","project_name":null,"date_created":"2016-01-19 13:42:00"},{"id":"db095bd2-8d75-6c80-682b-5638bef0bab3","status":"Not_Reachable","lead_source":"Self","project_name":null,"date_created":"2015-11-03 14:00:38"},{"id":"dc3172f5-a46f-a21e-42ed-56bb0a46c8c1","status":"New","lead_source":"99acres","project_name":null,"date_created":"2016-01-19 13:42:00"},{"id":"dcecfb32-6906-a2f1-4bf5-56baef295a3a","status":"New","lead_source":"99acres","project_name":null,"date_created":"2016-01-19 13:42:00"},{"id":"dcfa35a5-c84d-ba12-cea0-56baefee2c5f","status":"New","lead_source":"99acres","project_name":null,"date_created":"2016-01-19 13:42:00"},{"id":"dd51efd8-16ba-48a6-3ff4-56a1e170dcfa","status":"New","lead_source":"99acres","project_name":null,"date_created":"2016-01-19 13:42:00"},{"id":"dd550ce2-d39c-150f-d6b5-56bb0af3d9ca","status":"New","lead_source":"99acres","project_name":null,"date_created":"2016-01-19 13:42:00"},{"id":"dd68165f-e597-e7d0-6edd-56baefe020c1","status":"New","lead_source":"99acres","project_name":null,"date_created":"2016-01-19 13:42:00"},{"id":"dd7e0c83-76a2-850e-5acf-56a1e174c96c","status":"New","lead_source":"99acres","project_name":null,"date_created":"2016-01-19 13:42:00"},{"id":"de2c11f2-dad4-2eb9-5e67-56bb0a3c29ab","status":"New","lead_source":"99acres","project_name":null,"date_created":"2016-01-19 13:42:00"},{"id":"de43a1da-f067-f02d-43af-56bb0a66a281","status":"New","lead_source":"99acres","project_name":null,"date_created":"2016-01-19 13:42:00"},{"id":"de53ef4b-1db0-112f-aa8e-56baef3f909f","status":"New","lead_source":"99acres","project_name":null,"date_created":"2016-01-19 13:42:00"},{"id":"df115125-60e9-57ad-176c-56a1e1e7a5d1","status":"New","lead_source":"99acres","project_name":null,"date_created":"2016-01-19 13:42:00"},{"id":"df349f0f-01fd-3d88-b2e2-56baef6f0167","status":"New","lead_source":"99acres","project_name":null,"date_created":"2016-01-19 13:42:00"},{"id":"df4da4ab-f383-d81e-204b-56a1e1a9dcb7","status":"New","lead_source":"99acres","project_name":null,"date_created":"2016-01-19 13:42:00"},{"id":"e0394c29-7a70-5b89-b482-56baef65d158","status":"New","lead_source":"99acres","project_name":null,"date_created":"2016-01-19 13:42:00"},{"id":"e09302e6-cb87-200b-2f89-56baef09ec9b","status":"New","lead_source":"99acres","project_name":null,"date_created":"2016-01-19 13:42:00"},{"id":"e0e672d4-7506-9859-d295-56a1e0d4ec89","status":"New","lead_source":"99acres","project_name":null,"date_created":"2016-01-19 13:42:00"},{"id":"e0f9177a-2d95-bd49-90a9-56a1e167dc25","status":"New","lead_source":"99acres","project_name":null,"date_created":"2016-01-19 13:42:00"},{"id":"e1a13d52-e44e-217f-8547-56baef2e4ba7","status":"New","lead_source":"99acres","project_name":null,"date_created":"2016-01-19 13:42:00"},{"id":"e2677b9c-a020-eaaf-45ac-56a1e1246845","status":"New","lead_source":"99acres","project_name":null,"date_created":"2016-01-19 13:42:00"},{"id":"e272adb7-d513-7665-b6f7-562f567c9306","status":"Sold","lead_source":null,"project_name":null,"date_created":"2015-10-27 10:47:37"},{"id":"e2c2a16a-10a2-bbde-8c86-56baef34edec","status":"New","lead_source":"99acres","project_name":null,"date_created":"2016-01-19 13:42:00"},{"id":"e2e49183-b220-a3cf-ba74-56a1e0e36ec8","status":"New","lead_source":"99acres","project_name":null,"date_created":"2016-01-19 13:42:00"},{"id":"e38b9c99-721c-ae8d-4630-56a1d16e1e40","status":"Not_Reachable","lead_source":null,"project_name":null,"date_created":"2016-01-22 06:51:54"},{"id":"e3a3c4dd-b808-d568-7a25-56a1e1beae5f","status":"New","lead_source":"99acres","project_name":null,"date_created":"2016-01-19 13:42:00"},{"id":"e4298f51-e7e2-2357-2bd6-56bb0ace00ef","status":"New","lead_source":"99acres","project_name":null,"date_created":"2016-01-19 13:42:00"},{"id":"e455720b-dd2e-da32-8efa-56a1e1614f66","status":"New","lead_source":"99acres","project_name":null,"date_created":"2016-01-19 13:42:00"},{"id":"e4678b70-abe1-a65e-5183-56a1e14bfb56","status":"New","lead_source":"99acres","project_name":null,"date_created":"2016-01-19 13:42:00"},{"id":"e5c1ea17-1f3b-0283-6cc0-56baef59305c","status":"New","lead_source":"99acres","project_name":null,"date_created":"2016-01-19 13:42:00"},{"id":"e66d32f2-6d98-3f0f-37d3-56bb0ab421cb","status":"New","lead_source":"99acres","project_name":null,"date_created":"2016-01-19 13:42:00"},{"id":"e706d246-a17e-2528-1338-56a1e19f5809","status":"New","lead_source":"99acres","project_name":null,"date_created":"2016-01-19 13:42:00"},{"id":"e708880a-7039-2726-04b4-561376b79430","status":"New","lead_source":"Client","project_name":null,"date_created":"2015-10-06 07:19:37"},{"id":"e70b2973-164b-80de-33e7-56a1e1b3f219","status":"New","lead_source":"99acres","project_name":null,"date_created":"2016-01-19 13:42:00"},{"id":"e9010503-c62c-fe32-fdec-56baefb2e3e0","status":"New","lead_source":"99acres","project_name":null,"date_created":"2016-01-19 13:42:00"},{"id":"e9e42f1d-3e51-47ed-6b6e-56a1e0974837","status":"New","lead_source":"99acres","project_name":null,"date_created":"2016-01-19 13:42:00"},{"id":"ea13d926-55bc-954f-013d-56a1e1444181","status":"New","lead_source":"99acres","project_name":null,"date_created":"2016-01-19 13:42:00"},{"id":"ea39ba01-00a0-dcc3-27d6-56a1e02792ef","status":"New","lead_source":"99acres","project_name":null,"date_created":"2016-01-19 13:42:00"},{"id":"ec32486c-50ac-ac2e-11aa-56ba356cc6c3","status":"Later","lead_source":"MagicBricks","project_name":null,"date_created":"2016-02-09 18:51:04"},{"id":"ec5173e9-6ad5-e56f-a664-563379368696","status":"Not_Reachable","lead_source":null,"project_name":null,"date_created":"2015-10-30 14:08:57"},{"id":"ec7a8c00-cf57-e715-9176-56bb0a015497","status":"New","lead_source":"99acres","project_name":null,"date_created":"2016-01-19 13:42:00"},{"id":"ed122a56-1cd8-1662-c54b-56a1e1d8e0b4","status":"New","lead_source":"99acres","project_name":null,"date_created":"2016-01-19 13:42:00"},{"id":"ed5b0e8f-9083-7044-e424-56baef89f0d5","status":"New","lead_source":"99acres","project_name":null,"date_created":"2016-01-19 13:42:00"},{"id":"ee3c9402-58e1-1269-0429-56bb0aa62fef","status":"New","lead_source":"99acres","project_name":null,"date_created":"2016-01-19 13:42:00"},{"id":"ee738ffa-b1a6-da7b-6ef6-56a1e128234b","status":"New","lead_source":"99acres","project_name":null,"date_created":"2016-01-19 13:42:00"},{"id":"eea6b456-e893-31e2-84b4-56bb0adcd9cf","status":"New","lead_source":"99acres","project_name":null,"date_created":"2016-01-19 13:42:00"},{"id":"eecd6130-3f2a-aa4b-4114-56a1e19eda97","status":"New","lead_source":"99acres","project_name":null,"date_created":"2016-01-19 13:42:00"},{"id":"eedf20d1-2dbb-83c5-c46b-56a1e1e4d811","status":"New","lead_source":"99acres","project_name":null,"date_created":"2016-01-19 13:42:00"},{"id":"ef127fa5-9808-d276-b0d2-56baefaad278","status":"New","lead_source":"99acres","project_name":null,"date_created":"2016-01-19 13:42:00"},{"id":"efe70297-06b0-9386-cd8c-56a1e00c2667","status":"New","lead_source":"99acres","project_name":null,"date_created":"2016-01-19 13:42:00"},{"id":"f0818bf1-56c6-17fb-4aae-56baef2c0ee0","status":"New","lead_source":"99acres","project_name":null,"date_created":"2016-01-19 13:42:00"},{"id":"f1200fd5-351c-a3d2-74ad-56bb0a3c8b85","status":"New","lead_source":"99acres","project_name":null,"date_created":"2016-01-19 13:42:00"},{"id":"f18a615f-292e-57e8-8f35-56baefcd2770","status":"New","lead_source":"99acres","project_name":null,"date_created":"2016-01-19 13:42:00"},{"id":"f1bc2421-c3fc-3b02-5886-56bb0aeb654b","status":"New","lead_source":"99acres","project_name":null,"date_created":"2016-01-19 13:42:00"},{"id":"f2b593b3-fd9c-fe4b-3876-56bb0a5213f9","status":"New","lead_source":"99acres","project_name":null,"date_created":"2016-01-19 13:42:00"},{"id":"f3c0bf21-f5c5-75c8-547a-56a1e07dcb8f","status":"New","lead_source":"99acres","project_name":null,"date_created":"2016-01-19 13:42:00"},{"id":"f3f42921-5814-dbd0-7f20-56321d2b6279","status":"Assigned","lead_source":"Employee","project_name":null,"date_created":"2015-10-29 13:22:20"},{"id":"f3fb99f8-dec2-25cb-423a-56a1e1364d5f","status":"New","lead_source":"99acres","project_name":null,"date_created":"2016-01-19 13:42:00"},{"id":"f6ca09a8-7c4f-70c4-a710-56baefae57ac","status":"New","lead_source":"99acres","project_name":null,"date_created":"2016-01-19 13:42:00"}]